rate,call_idx,attempts,success,latency_ms,error
0.0,1,1,True,15.999,
0.0,2,1,True,1.464,
0.0,3,1,True,1.304,
0.0,4,1,True,1.187,
0.0,5,1,True,1.189,
0.0,6,1,True,1.194,
0.0,7,1,True,1.096,
0.0,8,1,True,1.064,
0.0,9,1,True,1.025,
0.0,10,1,True,1.186,
0.0,11,1,True,1.039,
0.0,12,1,True,1.045,
0.0,13,1,True,1.029,
0.0,14,1,True,0.982,
0.0,15,1,True,1.146,
0.0,16,1,True,1.013,
0.0,17,1,True,0.983,
0.0,18,1,True,0.917,
0.0,19,1,True,0.861,
0.0,20,1,True,0.884,
0.0,21,1,True,0.873,
0.0,22,1,True,0.864,
0.0,23,1,True,0.813,
0.0,24,1,True,0.85,
0.0,25,1,True,0.802,
0.0,26,1,True,0.844,
0.0,27,1,True,0.821,
0.0,28,1,True,0.873,
0.0,29,1,True,0.826,
0.0,30,1,True,0.845,
0.0,31,1,True,0.848,
0.0,32,1,True,0.782,
0.0,33,1,True,0.775,
0.0,34,1,True,0.781,
0.0,35,1,True,0.794,
0.0,36,1,True,0.816,
0.0,37,1,True,0.795,
0.0,38,1,True,0.837,
0.0,39,1,True,0.775,
0.0,40,1,True,0.794,
0.0,41,1,True,0.737,
0.0,42,1,True,0.822,
0.0,43,1,True,0.81,
0.0,44,1,True,0.785,
0.0,45,1,True,0.782,
0.0,46,1,True,0.762,
0.0,47,1,True,0.779,
0.0,48,1,True,0.745,
0.0,49,1,True,0.792,
0.0,50,1,True,0.774,
0.2,1,1,True,0.829,
0.2,2,2,True,56.027,
0.2,3,1,True,0.972,
0.2,4,1,True,1.047,
0.2,5,1,True,0.973,
0.2,6,1,True,0.925,
0.2,7,1,True,0.92,
0.2,8,1,True,0.934,
0.2,9,2,True,55.921,
0.2,10,1,True,1.283,
0.2,11,1,True,1.276,
0.2,12,1,True,1.244,
0.2,13,1,True,1.251,
0.2,14,1,True,1.225,
0.2,15,1,True,1.221,
0.2,16,3,False,161.175,database operation failed: seeded injected failure at rate 20%
0.2,17,1,True,3.319,
0.2,18,1,True,2.416,
0.2,19,1,True,2.489,
0.2,20,2,True,55.943,
0.2,21,1,True,4.244,
0.2,22,1,True,3.955,
0.2,23,1,True,3.684,
0.2,24,2,True,60.657,
0.2,25,2,True,57.829,
0.2,26,1,True,4.815,
0.2,27,1,True,3.907,
0.2,28,1,True,4.103,
0.2,29,1,True,3.902,
0.2,30,1,True,3.578,
0.2,31,1,True,3.472,
0.2,32,1,True,3.803,
0.2,33,1,True,4.379,
0.2,34,1,True,4.04,
0.2,35,1,True,3.774,
0.2,36,1,True,3.707,
0.2,37,1,True,3.641,
0.2,38,1,True,3.628,
0.2,39,1,True,3.743,
0.2,40,1,True,3.616,
0.2,41,2,True,56.129,
0.2,42,3,True,163.23,
0.2,43,1,True,4.501,
0.2,44,1,True,4.027,
0.2,45,1,True,3.9,
0.2,46,1,True,3.765,
0.2,47,2,True,59.785,
0.2,48,1,True,4.445,
0.2,49,3,True,165.13,
0.2,50,2,True,56.307,
0.5,1,1,True,2.722,
0.5,2,2,True,57.312,
0.5,3,1,True,2.909,
0.5,4,1,True,2.344,
0.5,5,3,True,158.824,
0.5,6,3,False,158.076,database operation failed: seeded injected failure at rate 50%
0.5,7,1,True,4.253,
0.5,8,3,False,155.326,database operation failed: seeded injected failure at rate 50%
0.5,9,2,True,58.921,
0.5,10,3,False,160.948,database operation failed: seeded injected failure at rate 50%
0.5,11,2,True,58.623,
0.5,12,1,True,3.224,
0.5,13,3,False,160.19,database operation failed: seeded injected failure at rate 50%
0.5,14,2,True,60.721,
0.5,15,2,True,60.511,
0.5,16,2,True,56.229,
0.5,17,2,True,60.204,
0.5,18,1,True,3.723,
0.5,19,2,True,58.433,
0.5,20,1,True,4.411,
0.5,21,2,True,59.477,
0.5,22,3,True,165.596,
0.5,23,1,True,4.933,
0.5,24,1,True,4.024,
0.5,25,1,True,3.896,
0.5,26,1,True,3.881,
0.5,27,2,True,57.876,
0.5,28,3,False,159.527,database operation failed: seeded injected failure at rate 50%
0.5,29,1,True,5.538,
0.5,30,2,True,58.402,
0.5,31,1,True,2.132,
0.5,32,3,False,153.564,database operation failed: seeded injected failure at rate 50%
0.5,33,3,True,162.459,
0.5,34,2,True,59.193,
0.5,35,3,False,159.286,database operation failed: seeded injected failure at rate 50%
0.5,36,1,True,5.861,
0.5,37,3,True,164.758,
0.5,38,3,True,160.208,
0.5,39,3,False,159.18,database operation failed: seeded injected failure at rate 50%
0.5,40,1,True,5.044,
0.5,41,1,True,3.148,
0.5,42,1,True,2.141,
0.5,43,1,True,1.986,
0.5,44,2,True,56.475,
0.5,45,1,True,2.759,
0.5,46,1,True,2.756,
0.5,47,1,True,2.148,
0.5,48,1,True,1.924,
0.5,49,2,True,58.39,
0.5,50,1,True,2.653,
